Book Title,Author,Genre,Times Read,Reading Speed (days),Start Date,Recommendation Score
The Stars Beyond,Alice Wren,Science Fiction,1,12,2023-05-10,8
Heartstrings,Ben Harper,Romance,2,7,2023-07-15,9
Mindful Moments,Clara Benson,Non-Fiction,1,20,2023-08-05,7
The Lost Shadows,Dylan Moore,Fantasy,1,15,2023-03-22,6
The Final Odyssey,Ethan Black,Science Fiction,3,10,2023-06-01,9
City of Whispers,Fiona Grey,Mystery,1,8,2023-02-12,8
Beneath the Waves,Gina Oliver,Romance,1,9,2023-04-08,7
Infinite Horizons,Henry Clarke,Science Fiction,1,11,2023-06-21,10
Love and Thunder,Isaac Hayes,Romance,2,6,2023-09-05,9
Breaking Boundaries,Julia Stone,Non-Fiction,1,18,2023-07-20,7
Echoes of Time,Alice Wren,Science Fiction,2,14,2023-08-12,8
Whispers in the Dark,Ben Harper,Romance,1,8,2023-05-18,8
The Silent Witness,Clara Benson,Non-Fiction,1,22,2023-03-15,6
The Enchanted Realm,Dylan Moore,Fantasy,2,12,2023-04-25,7
Galactic Journey,Ethan Black,Science Fiction,1,13,2023-07-01,8
The Hidden Key,Fiona Grey,Mystery,2,10,2023-08-20,7
A Dance of Flames,Gina Oliver,Romance,1,7,2023-06-10,9
Innovative Minds,Henry Clarke,Non-Fiction,1,19,2023-09-01,8
The Quantum Gate,Alice Wren,Science Fiction,1,16,2023-09-15,9
Love’s Labyrinth,Ben Harper,Romance,3,5,2023-08-01,10
Digital Dreams,Clara Benson,Non-Fiction,2,17,2023-07-10,7
The Lost Kingdom,Dylan Moore,Fantasy,1,14,2023-06-25,8
Mystery in Shadows,Ethan Black,Science Fiction,2,12,2023-05-25,8
The Final Secret,Fiona Grey,Mystery,1,9,2023-07-05,9
The Ocean’s Embrace,Gina Oliver,Romance,1,10,2023-08-15,8
Future Visions,Henry Clarke,Non-Fiction,1,21,2023-06-15,6
Starlight Dreams,Alice Wren,Science Fiction,2,11,2023-07-20,9
The Secret Admirer,Ben Harper,Romance,2,8,2023-05-30,8
The Art of Persuasion,Clara Benson,Non-Fiction,1,23,2023-08-12,7
Enchanted Woods,Dylan Moore,Fantasy,2,13,2023-07-01,8
Cosmic Echoes,Ethan Black,Science Fiction,1,14,2023-08-15,9
The Ghost Detective,Fiona Grey,Mystery,2,11,2023-09-05,8
Falling Stars,Gina Oliver,Romance,1,6,2023-07-15,10
The Evolution of Thought,Henry Clarke,Non-Fiction,1,22,2023-09-10,7
Beyond the Horizon,Alice Wren,Science Fiction,2,12,2023-06-05,8
The Heart of the Sea,Ben Harper,Romance,1,7,2023-04-22,9
The Power of Habit,Clara Benson,Non-Fiction,1,18,2023-07-25,6
Mystic Lands,Dylan Moore,Fantasy,1,16,2023-08-05,7
Temporal Rift,Ethan Black,Science Fiction,1,13,2023-05-30,8
The Final Enigma,Fiona Grey,Mystery,3,9,2023-08-10,9
Waves of Change,Gina Oliver,Romance,2,10,2023-09-01,8
Revolutionary Ideas,Henry Clarke,Non-Fiction,1,20,2023-06-30,7
The Lost Galaxy,Alice Wren,Science Fiction,1,15,2023-08-01,9
The Secret Garden,Ben Harper,Romance,2,8,2023-05-25,8
The Psychology of Success,Clara Benson,Non-Fiction,2,17,2023-08-20,7
The Magical Forest,Dylan Moore,Fantasy,1,14,2023-09-10,8
Quantum Leap,Ethan Black,Science Fiction,2,11,2023-06-10,8
The Hidden Truth,Fiona Grey,Mystery,1,12,2023-07-25,8
The Whispering Tide,Gina Oliver,Romance,1,11,2023-08-05,9
The Innovators,Henry Clarke,Non-Fiction,2,21,2023-07-12,6